"チャンネル名","チャンネルID","チャンネル作成日時_JST","対応RSS数","RSS取得成功数","RSS取得エラー数","対象日のRSS投稿数","翌日追跡のRSS投稿数","投稿記事URLのユニーク数","同一URLの追加投稿数","照合行数","期間内RSS_投稿未検出_要確認","直近2時間_待機候補","RSS日時がチャンネル作成前_投稿未検出","RSS日時が対象日外_投稿未検出","RSS日時不明","過去8日内通知確認","現在RSSに項目なし等_Slack投稿確認","時差比較の行数_帰属確認あり非負値","RSS日時から投稿の時差中央値_分","RSS日時から投稿の時差最大値_分","対象日と翌日追跡の全ページ取得","備考"
"#gigazine-feed","C0C3CNEF4DV","2026-09-23 15:52:00 JST",1,1,0,34,0,34,0,34,0,0,0,0,0,0,4,30,9.6,45.5,TRUE,"時差はRSS記載日時基準。Slackだけの遅延とは限らない。購読開始/削除日時は未取得"
"#my-tech-blog-engineering-feed-translated-jp","C0C51MZPVA8","2026-09-28 19:12:44 JST",1,1,0,22,0,22,0,23,0,0,1,0,0,0,0,22,36.9,318.9,TRUE,"時差はRSS記載日時基準。Slackだけの遅延とは限らない。購読開始/削除日時は未取得"
"#azure-feed-translated-jp","C0C5000DRG9","2026-09-28 19:10:17 JST",1,1,0,6,0,6,0,6,0,0,0,0,0,0,0,6,322.4,425.8,TRUE,"時差はRSS記載日時基準。Slackだけの遅延とは限らない。購読開始/削除日時は未取得"
"#techcrunch-feed-translated-jp","C0C4XUXBZK4","2026-09-28 19:18:02 JST",1,1,0,30,2,32,0,32,0,0,0,0,0,0,1,31,66,358.6,TRUE,"時差はRSS記載日時基準。Slackだけの遅延とは限らない。購読開始/削除日時は未取得"
"#security-feed-translated-jp","C0C4W4J0ZRC","2026-09-28 19:17:27 JST",1,1,0,2,0,2,0,2,0,0,0,0,0,0,0,2,263.6,263.6,TRUE,"時差はRSS記載日時基準。Slackだけの遅延とは限らない。購読開始/削除日時は未取得"
"#aws-feed-translated-jp","C0C4SU9Q7QD","2026-09-28 19:09:56 JST",1,1,0,26,0,26,0,26,0,0,0,0,0,0,0,26,55.6,293.5,TRUE,"時差はRSS記載日時基準。Slackだけの遅延とは限らない。購読開始/削除日時は未取得"
"#my-tech-blog-programming-feed-translated-jp","C0C4GM1747R","2026-09-28 19:14:11 JST",1,1,0,0,0,0,0,0,0,0,0,0,0,0,0,0,,,TRUE,"時差はRSS記載日時基準。Slackだけの遅延とは限らない。購読開始/削除日時は未取得"
"#my-tech-blog-ai-feed-translated-jp","C0C5SC2NH7A","2026-09-28 19:09:09 JST",1,1,0,5,1,6,0,9,1,0,2,0,0,0,0,6,70.2,318.6,TRUE,"時差はRSS記載日時基準。Slackだけの遅延とは限らない。購読開始/削除日時は未取得"
"#my-tech-blog-platform-feed-translated-jp","C0C51N5J13N","2026-09-28 19:13:34 JST",1,1,0,2,0,2,0,3,0,0,1,0,0,0,0,2,67.2,67.2,TRUE,"時差はRSS記載日時基準。Slackだけの遅延とは限らない。購読開始/削除日時は未取得"
"#googlecloud-feed-translated-jp","C0C4W3AG9D4","2026-09-28 19:11:26 JST",1,1,0,0,0,0,0,1,0,0,1,0,0,0,0,0,,,TRUE,"時差はRSS記載日時基準。Slackだけの遅延とは限らない。購読開始/削除日時は未取得"
"#hacker-news-feed-translated-jp","C0C4W4QT4RL","2026-09-28 19:18:37 JST",1,1,0,39,9,48,0,48,0,0,0,0,0,0,0,48,227.5,546.9,TRUE,"時差はRSS記載日時基準。Slackだけの遅延とは限らない。購読開始/削除日時は未取得"
"#my-tech-blog-db-feed-translated-jp","C0C4SUQKSH3","2026-09-28 19:12:12 JST",1,1,0,12,0,12,0,15,0,0,2,1,0,0,0,12,59.7,232.2,TRUE,"時差はRSS記載日時基準。Slackだけの遅延とは限らない。購読開始/削除日時は未取得"
"#security-github-feed-translated-jp","C0C4W480X3Q","2026-09-28 19:15:54 JST",1,1,0,22,0,12,10,12,0,0,0,0,0,0,2,10,127.9,173.1,TRUE,"時差はRSS記載日時基準。Slackだけの遅延とは限らない。購読開始/削除日時は未取得"
"#aws-ja-feed","C0C4VGFKX4M","2026-09-29 00:20:03 JST",2,2,0,3,0,3,0,3,0,0,0,0,0,0,0,3,49.6,52.6,TRUE,"時差はRSS記載日時基準。Slackだけの遅延とは限らない。購読開始/削除日時は未取得"
"#thinkit-feed","C0BJT0RR3RQ","2026-07-22 00:01:46 JST",1,1,0,2,0,2,0,2,0,0,0,0,0,0,0,2,47.4,47.4,TRUE,"時差はRSS記載日時基準。Slackだけの遅延とは限らない。購読開始/削除日時は未取得"
"#security-en-feed","C0C4VHNR1UM","2026-09-29 00:24:18 JST",3,3,0,1,0,1,0,2,0,0,1,0,0,0,0,1,42.5,42.5,TRUE,"時差はRSS記載日時基準。Slackだけの遅延とは限らない。購読開始/削除日時は未取得"
"#infoq-feed","C0BJWKTD0MA","2026-07-21 23:55:53 JST",1,1,0,0,0,0,0,0,0,0,0,0,0,0,0,0,,,TRUE,"時差はRSS記載日時基準。Slackだけの遅延とは限らない。購読開始/削除日時は未取得"
"#business-plus-it-feed","C0C1BL680UT","2026-09-14 02:41:30 JST",2,2,0,21,0,21,0,21,0,0,0,0,0,0,2,14,11.7,24.5,TRUE,"時差はRSS記載日時基準。Slackだけの遅延とは限らない。購読開始/削除日時は未取得"
"#googlecloud-ja-feed","C0C52K5PGGH","2026-09-29 00:22:37 JST",1,1,0,0,0,0,0,0,0,0,0,0,0,0,0,0,,,TRUE,"時差はRSS記載日時基準。Slackだけの遅延とは限らない。購読開始/削除日時は未取得"
"#my-tech-blog-jp-feed-dedup","C0C54D00R7D","2026-09-29 23:06:53 JST",1,1,0,0,0,0,0,594,0,0,594,0,0,0,0,0,,,TRUE,"時差はRSS記載日時基準。Slackだけの遅延とは限らない。購読開始/削除日時は未取得"
"#autonomous-driving-feed","C0BUXR82RKR","2026-09-07 10:53:25 JST",1,1,0,4,0,4,0,4,0,0,0,0,0,0,0,4,19.8,51.1,TRUE,"時差はRSS記載日時基準。Slackだけの遅延とは限らない。購読開始/削除日時は未取得"
"#karaage-ai-news-feed","C0AG84C2QEP","2026-02-22 21:40:01 JST",1,1,0,101,0,96,5,128,26,0,0,6,0,0,32,64,334.6,621.7,TRUE,"時差はRSS記載日時基準。Slackだけの遅延とは限らない。購読開始/削除日時は未取得"
"#my-tech-blog-platform-feed","C0BJX4NKPL4","2026-07-22 00:45:21 JST",14,14,0,2,0,2,0,3,0,0,0,0,0,1,0,1,1098.5,1098.5,TRUE,"時差はRSS記載日時基準。Slackだけの遅延とは限らない。購読開始/削除日時は未取得"
"#my-tech-book-feed","C0BKMBS46KS","2026-07-22 00:05:37 JST",2,2,0,0,0,0,0,0,0,0,0,0,0,0,0,0,,,TRUE,"時差はRSS記載日時基準。Slackだけの遅延とは限らない。購読開始/削除日時は未取得"
"#menthas-feed","C0BJPDRHGUD","2026-07-21 23:33:46 JST",1,1,0,44,0,44,0,47,3,0,0,0,0,0,27,17,11.6,99.3,TRUE,"時差はRSS記載日時基準。Slackだけの遅延とは限らない。購読開始/削除日時は未取得"
"#zenn-ai-feed","C0BV62JJ8MC","2026-09-05 23:19:44 JST",12,12,0,220,12,160,72,212,4,1,0,1,0,0,61,31,216.3,735.1,TRUE,"時差はRSS記載日時基準。Slackだけの遅延とは限らない。購読開始/削除日時は未取得"
"#aws-feed","C0AG9JMGZE2","2026-02-21 20:49:26 JST",44,44,0,25,0,25,0,26,0,0,0,1,0,0,0,2,10.9,10.9,TRUE,"時差はRSS記載日時基準。Slackだけの遅延とは限らない。購読開始/削除日時は未取得"
"#publickey-feed","C0BJBBRQXEK","2026-07-21 23:34:24 JST",1,1,0,1,2,3,0,3,0,0,0,0,0,0,0,1,29.2,29.2,TRUE,"時差はRSS記載日時基準。Slackだけの遅延とは限らない。購読開始/削除日時は未取得"
"#my-tech-blog-programming-feed","C0BJRG98F8W","2026-07-22 00:56:14 JST",5,5,0,0,0,0,0,0,0,0,0,0,0,0,0,0,,,TRUE,"時差はRSS記載日時基準。Slackだけの遅延とは限らない。購読開始/削除日時は未取得"
"#technoedge-feed","C0BRPUHF4SE","2026-08-21 09:56:12 JST",1,1,0,5,0,5,0,5,0,0,0,0,0,0,0,5,31.6,46.6,TRUE,"時差はRSS記載日時基準。Slackだけの遅延とは限らない。購読開始/削除日時は未取得"
"#zenn-trend-feed","C0AF1A43CJH","2026-02-16 01:15:44 JST",1,1,0,10,0,10,0,11,0,0,0,1,0,0,1,9,596.6,1475.5,TRUE,"時差はRSS記載日時基準。Slackだけの遅延とは限らない。購読開始/削除日時は未取得"
"#qiita-cloud-feed","C0BUSKUD3QF","2026-09-05 23:26:34 JST",6,6,0,45,0,42,3,43,0,0,0,1,0,0,27,4,14,31.6,TRUE,"時差はRSS記載日時基準。Slackだけの遅延とは限らない。購読開始/削除日時は未取得"
"#zenn-cloud-feed","C0BV3HPE91T","2026-09-05 23:17:50 JST",6,6,0,26,0,25,1,33,6,0,0,0,0,0,0,4,647.5,663.8,TRUE,"時差はRSS記載日時基準。Slackだけの遅延とは限らない。購読開始/削除日時は未取得"
"#zenn-security-feed","C0BV3JBFYFP","2026-09-05 23:26:56 JST",1,1,0,17,0,17,0,20,3,0,0,0,0,0,0,17,526.7,752.6,TRUE,"時差はRSS記載日時基準。Slackだけの遅延とは限らない。購読開始/削除日時は未取得"
"#qiita-trend-feed","C0AEP9V7ZV5","2026-02-16 01:15:52 JST",1,1,0,20,0,20,0,20,0,0,0,0,0,0,0,20,595.1,1025.5,TRUE,"時差はRSS記載日時基準。Slackだけの遅延とは限らない。購読開始/削除日時は未取得"
"#gihyo-feed","C0BTH05B7TN","2026-08-28 20:45:44 JST",1,1,0,6,0,6,0,6,0,0,0,0,0,0,0,6,121.5,136.5,TRUE,"時差はRSS記載日時基準。Slackだけの遅延とは限らない。購読開始/削除日時は未取得"
"#my-tech-blog-db-feed","C0BJCEYGCB1","2026-07-22 01:30:25 JST",14,12,2,14,1,14,1,16,1,0,0,1,0,0,0,6,85.1,498.4,TRUE,"時差はRSS記載日時基準。Slackだけの遅延とは限らない。購読開始/削除日時は未取得"
"#azure-feed","C0AFW7A2RQF","2026-02-21 20:49:53 JST",3,3,0,5,0,5,0,5,0,0,0,0,0,0,0,4,57.5,74.8,TRUE,"時差はRSS記載日時基準。Slackだけの遅延とは限らない。購読開始/削除日時は未取得"
"#menthas-feed-dedup","C0C54DR47FV","2026-09-29 23:09:10 JST",1,1,0,0,0,0,0,22,0,0,22,0,0,0,0,0,,,TRUE,"時差はRSS記載日時基準。Slackだけの遅延とは限らない。購読開始/削除日時は未取得"
"#hatenab-feed-dedup","C0C5EAHBPN0","2026-09-29 23:08:35 JST",1,1,0,2,1,3,0,43,0,0,40,0,0,0,0,3,3.9,5.3,TRUE,"時差はRSS記載日時基準。Slackだけの遅延とは限らない。購読開始/削除日時は未取得"
"#it-media-feed-dedup","C0C54DVA83D","2026-09-29 23:09:33 JST",1,1,0,0,0,0,0,52,0,0,52,0,0,0,0,0,,,TRUE,"時差はRSS記載日時基準。Slackだけの遅延とは限らない。購読開始/削除日時は未取得"
"#jpcert-feed","C0C1QFP6VBR","2026-09-16 13:21:16 JST",1,1,0,0,0,0,0,0,0,0,0,0,0,0,0,0,,,TRUE,"時差はRSS記載日時基準。Slackだけの遅延とは限らない。購読開始/削除日時は未取得"
"#techcrunch-feed","C0AHA8M7VM0","2026-02-26 19:49:45 JST",1,1,0,29,3,32,0,32,0,0,0,0,0,0,12,20,16.4,105.6,TRUE,"時差はRSS記載日時基準。Slackだけの遅延とは限らない。購読開始/削除日時は未取得"
"#security-github-feed","C0ART2QUYMN","2026-04-05 23:31:13 JST",3,3,0,22,0,12,10,12,0,0,0,0,0,0,2,10,105.9,151.2,TRUE,"時差はRSS記載日時基準。Slackだけの遅延とは限らない。購読開始/削除日時は未取得"
"#security-feed","C0AQVU35DK8","2026-04-05 16:24:19 JST",13,13,0,63,1,64,0,64,0,0,0,0,0,0,10,5,31.6,31.6,TRUE,"時差はRSS記載日時基準。Slackだけの遅延とは限らない。購読開始/削除日時は未取得"
"#zenn-feed-dedup","C0C5AFM3MMG","2026-09-29 23:07:31 JST",1,1,0,7,2,9,0,306,0,0,297,0,0,0,0,9,23,23,TRUE,"時差はRSS記載日時基準。Slackだけの遅延とは限らない。購読開始/削除日時は未取得"
"#my-tech-blog-engineering-feed","C0BJC0W8R47","2026-07-22 00:39:29 JST",16,16,0,21,0,20,1,24,2,0,0,2,0,0,0,10,8.5,25.5,TRUE,"時差はRSS記載日時基準。Slackだけの遅延とは限らない。購読開始/削除日時は未取得"
"#googlecloud-feed","C0AG9JMPT6J","2026-02-21 20:50:01 JST",2,2,0,1,0,1,0,1,0,0,0,0,0,0,0,1,512.5,512.5,TRUE,"時差はRSS記載日時基準。Slackだけの遅延とは限らない。購読開始/削除日時は未取得"
"#qiita-security-feed","C0BV813NK6W","2026-09-05 23:31:41 JST",1,1,0,24,0,24,0,24,0,0,0,0,0,0,20,4,11.4,18.5,TRUE,"時差はRSS記載日時基準。Slackだけの遅延とは限らない。購読開始/削除日時は未取得"
"#speakerdeck-feed","C0BJBC141T9","2026-07-21 23:35:19 JST",11,11,0,46,2,48,0,51,3,0,0,0,0,0,11,7,16.6,26.5,TRUE,"時差はRSS記載日時基準。Slackだけの遅延とは限らない。購読開始/削除日時は未取得"
"#qiita-feed-dedup","C0C4V8MHVCP","2026-09-29 23:07:50 JST",1,1,0,0,3,3,0,153,0,0,150,0,0,0,0,3,14.1,14.1,TRUE,"時差はRSS記載日時基準。Slackだけの遅延とは限らない。購読開始/削除日時は未取得"
"#my-tech-blog-ai-feed","C0BKMKV3WRE","2026-07-22 00:34:10 JST",20,20,0,7,2,9,0,30,1,0,0,0,20,0,0,4,926.6,2366.6,TRUE,"時差はRSS記載日時基準。Slackだけの遅延とは限らない。購読開始/削除日時は未取得"
"#qiita-ai-feed","C0BVBLKHUEQ","2026-09-05 23:26:43 JST",12,12,0,263,5,144,124,157,0,0,0,0,0,0,113,4,16.7,20.1,TRUE,"時差はRSS記載日時基準。Slackだけの遅延とは限らない。購読開始/削除日時は未取得"
"#my-tech-blog-jp-feed","C0AG84EA94K","2026-02-22 21:41:14 JST",94,92,2,32,0,30,2,35,0,0,0,3,0,0,0,2,68.5,68.5,TRUE,"時差はRSS記載日時基準。Slackだけの遅延とは限らない。購読開始/削除日時は未取得"
"#it-media-feed","C0AQWMDPVN2","2026-04-05 23:16:26 JST",2,2,0,98,0,77,21,86,4,0,0,0,0,0,16,19,41.7,107.6,TRUE,"時差はRSS記載日時基準。Slackだけの遅延とは限らない。購読開始/削除日時は未取得"
"#company-tech-blog-feed","C0AGTDAAJ01","2026-02-22 21:38:42 JST",1,1,0,74,1,75,0,104,23,0,0,6,0,0,1,74,69.5,137,TRUE,"時差はRSS記載日時基準。Slackだけの遅延とは限らない。購読開始/削除日時は未取得"
"#hatenab-feed","C0AF1AP042H","2026-02-16 01:19:46 JST",1,1,0,22,0,22,0,42,20,0,0,0,0,0,15,7,67.9,95.3,TRUE,"時差はRSS記載日時基準。Slackだけの遅延とは限らない。購読開始/削除日時は未取得"
"#hacker-news-feed","C0AGURKF5CP","2026-02-26 19:54:41 JST",1,1,0,44,0,44,0,44,0,0,0,0,0,0,35,9,116.1,270.4,TRUE,"時差はRSS記載日時基準。Slackだけの遅延とは限らない。購読開始/削除日時は未取得"
"#developersio-feed","C0AF8BV3H1A","2026-02-16 01:23:29 JST",1,1,0,25,1,26,0,26,0,0,0,0,0,0,0,26,18.2,32.7,TRUE,"時差はRSS記載日時基準。Slackだけの遅延とは限らない。購読開始/削除日時は未取得"
"#jvn-feed","C0C1KKK2YMQ","2026-09-14 12:14:56 JST",2,2,0,200,0,200,0,200,0,0,0,0,0,0,0,170,133.6,138.5,TRUE,"時差はRSS記載日時基準。Slackだけの遅延とは限らない。購読開始/削除日時は未取得"
"#my-tech-blog-robotics-translated-jp","C0C500Y7K3K","2026-09-28 19:14:54 JST",1,1,0,4,1,5,0,5,0,0,0,0,0,0,0,5,131.8,603.8,TRUE,"時差はRSS記載日時基準。Slackだけの遅延とは限らない。購読開始/削除日時は未取得"
"#my-tech-blog-robotics","C0BJSLEA6P8","2026-07-22 03:05:17 JST",2,2,0,4,0,4,0,5,0,0,0,1,0,0,0,3,51.5,88.7,TRUE,"時差はRSS記載日時基準。Slackだけの遅延とは限らない。購読開始/削除日時は未取得"
"#my-tech-blog-solo","C0BNXNCFK3Q","2026-08-09 10:05:39 JST",6,6,0,7,0,7,0,8,1,0,0,0,0,0,0,3,54.3,55.9,TRUE,"時差はRSS記載日時基準。Slackだけの遅延とは限らない。購読開始/削除日時は未取得"
"#daily-stats","C0C4V2J5527","2026-09-29 01:21:40 JST",1,1,0,0,1,1,0,2,0,0,1,0,0,0,0,1,41.2,41.2,TRUE,"時差はRSS記載日時基準。Slackだけの遅延とは限らない。購読開始/削除日時は未取得"
